<?xml version="1.0" encoding="UTF-8"?>
<GenRun Id="synth_1" LaunchPart="xc7a100tcsg324-1" LaunchTime="1548394519">
  <File Type="PA-TCL" Name="top.tcl"/>
  <File Type="RDS-PROPCONSTRS" Name="top_drc_synth.rpt"/>
  <File Type="RDS-RDS" Name="top.vds"/>
  <File Type="RDS-UTIL" Name="top_utilization_synth.rpt"/>
  <File Type="RDS-UTIL-PB" Name="top_utilization_synth.pb"/>
  <File Type="RDS-DCP" Name="top.dcp"/>
  <File Type="VDS-TIMINGSUMMARY" Name="top_timing_summary_synth.rpt"/>
  <File Type="VDS-TIMING-PB" Name="top_timing_summary_synth.pb"/>
  <FileSet Name="sources" Type="DesignSrcs" RelSrcDir="$PSRCDIR/sources_1">
    <Filter Type="Srcs"/>
    <File Path="$PSRCDIR/sources_1/imports/code/7seg.vhd">
      <FileInfo>
        <Attr Name="ImportPath" Val="C:/Users/ASHISHGARG/Desktop/Submission/code/7seg.vhd"/>
        <Attr Name="ImportTime" Val="1543950634"/>
        <Attr Name="UsedIn" Val="synthesis"/>
        <Attr Name="UsedIn" Val="simulation"/>
      </FileInfo>
    </File>
    <File Path="$PSRCDIR/sources_1/imports/code/Alarm.vhd">
      <FileInfo>
        <Attr Name="ImportPath" Val="C:/Users/ASHISHGARG/Desktop/Submission/code/Alarm.vhd"/>
        <Attr Name="ImportTime" Val="1548045272"/>
        <Attr Name="UsedIn" Val="synthesis"/>
        <Attr Name="UsedIn" Val="simulation"/>
      </FileInfo>
    </File>
    <File Path="$PSRCDIR/sources_1/imports/code/BCD.vhd">
      <FileInfo>
        <Attr Name="ImportPath" Val="C:/Users/ASHISHGARG/Desktop/Submission/code/BCD.vhd"/>
        <Attr Name="ImportTime" Val="1546228354"/>
        <Attr Name="UsedIn" Val="synthesis"/>
        <Attr Name="UsedIn" Val="simulation"/>
      </FileInfo>
    </File>
    <File Path="$PSRCDIR/sources_1/imports/code/BCD3.vhd">
      <FileInfo>
        <Attr Name="ImportPath" Val="C:/Users/ASHISHGARG/Desktop/Submission/code/BCD3.vhd"/>
        <Attr Name="ImportTime" Val="1544906522"/>
        <Attr Name="UsedIn" Val="synthesis"/>
        <Attr Name="UsedIn" Val="simulation"/>
      </FileInfo>
    </File>
    <File Path="$PSRCDIR/sources_1/imports/code/BCD6.vhd">
      <FileInfo>
        <Attr Name="ImportPath" Val="C:/Users/ASHISHGARG/Desktop/Submission/code/BCD6.vhd"/>
        <Attr Name="ImportTime" Val="1543950634"/>
        <Attr Name="UsedIn" Val="synthesis"/>
        <Attr Name="UsedIn" Val="simulation"/>
      </FileInfo>
    </File>
    <File Path="$PSRCDIR/sources_1/imports/code/BCD_1.vhd">
      <FileInfo>
        <Attr Name="ImportPath" Val="C:/Users/ASHISHGARG/Desktop/Submission/code/BCD_1.vhd"/>
        <Attr Name="ImportTime" Val="1545600958"/>
        <Attr Name="UsedIn" Val="synthesis"/>
        <Attr Name="UsedIn" Val="simulation"/>
      </FileInfo>
    </File>
    <File Path="$PSRCDIR/sources_1/imports/code/MUX_1.vhd">
      <FileInfo>
        <Attr Name="ImportPath" Val="C:/Users/ASHISHGARG/Desktop/Submission/code/MUX_1.vhd"/>
        <Attr Name="ImportTime" Val="1548033026"/>
        <Attr Name="UsedIn" Val="synthesis"/>
        <Attr Name="UsedIn" Val="simulation"/>
      </FileInfo>
    </File>
    <File Path="$PSRCDIR/sources_1/imports/code/MUX_2.vhd">
      <FileInfo>
        <Attr Name="ImportPath" Val="C:/Users/ASHISHGARG/Desktop/Submission/code/MUX_2.vhd"/>
        <Attr Name="ImportTime" Val="1546548276"/>
        <Attr Name="UsedIn" Val="synthesis"/>
        <Attr Name="UsedIn" Val="simulation"/>
      </FileInfo>
    </File>
    <File Path="$PSRCDIR/sources_1/imports/code/clkdivider.vhd">
      <FileInfo>
        <Attr Name="ImportPath" Val="C:/Users/ASHISHGARG/Desktop/Submission/code/clkdivider.vhd"/>
        <Attr Name="ImportTime" Val="1548034790"/>
        <Attr Name="UsedIn" Val="synthesis"/>
        <Attr Name="UsedIn" Val="simulation"/>
      </FileInfo>
    </File>
    <File Path="$PSRCDIR/sources_1/imports/code/controller.vhd">
      <FileInfo>
        <Attr Name="ImportPath" Val="C:/Users/ASHISHGARG/Desktop/Submission/code/controller.vhd"/>
        <Attr Name="ImportTime" Val="1548037474"/>
        <Attr Name="UsedIn" Val="synthesis"/>
        <Attr Name="UsedIn" Val="simulation"/>
      </FileInfo>
    </File>
    <File Path="$PSRCDIR/sources_1/imports/code/top.vhd">
      <FileInfo>
        <Attr Name="ImportPath" Val="C:/Users/ASHISHGARG/Desktop/Submission/code/top.vhd"/>
        <Attr Name="ImportTime" Val="1548045232"/>
        <Attr Name="UsedIn" Val="synthesis"/>
        <Attr Name="UsedIn" Val="simulation"/>
      </FileInfo>
    </File>
    <Config>
      <Option Name="DesignMode" Val="RTL"/>
      <Option Name="TopModule" Val="top"/>
    </Config>
  </FileSet>
  <FileSet Name="constrs_in" Type="Constrs" RelSrcDir="$PSRCDIR/constrs_1">
    <Filter Type="Constrs"/>
    <File Path="$PSRCDIR/constrs_1/imports/constraint_file/Nexys4DDR_C.xdc">
      <FileInfo>
        <Attr Name="ImportPath" Val="C:/Users/ASHISHGARG/Desktop/Submission/constraint_file/Nexys4DDR_C.xdc"/>
        <Attr Name="ImportTime" Val="1548044838"/>
        <Attr Name="UsedIn" Val="synthesis"/>
        <Attr Name="UsedIn" Val="implementation"/>
      </FileInfo>
    </File>
    <Config>
      <Option Name="ConstrsType" Val="XDC"/>
    </Config>
  </FileSet>
  <Strategy Version="1" Minor="2">
    <StratHandle Name="Vivado Synthesis Defaults" Flow="Vivado Synthesis 2017"/>
    <Step Id="synth_design"/>
  </Strategy>
</GenRun>
